T(K),Cp_Thiswork
200.0,40.68078824637239
201.0,40.70460745262746
202.0,40.72921812540744
203.0,40.75461591901528
204.0,40.780793676675124
205.0,40.80774592747639
206.0,40.83546551388473
207.0,40.86394472279869
208.0,40.89317697519601
209.0,40.92316017575746
210.0,40.95388383741371
211.0,40.98534364044485
212.0,41.01753136621172
213.0,41.05044104352698
214.0,41.084068385499634
215.0,41.118407443446515
216.0,41.15344840329067
217.0,41.18918646985767
218.0,41.22561685867275
219.0,41.262733690713574
220.0,41.30052780840404
221.0,41.338996685611036
222.0,41.37813066236488
223.0,41.41792560307431
224.0,41.45837574396391
225.0,41.499474247815755
226.0,41.54121648901565
227.0,41.58359351347953
228.0,41.62660399384554
229.0,41.67023687633639
230.0,41.71448978592608
231.0,41.759351762951454
232.0,41.804826907187554
233.0,41.8509000273729
234.0,41.89756989983469
235.0,41.944827849136615
236.0,41.99266949447693
237.0,42.04109258502791
238.0,42.09008642908651
239.0,42.13964882884093
240.0,42.189770239933104
241.0,42.240447460218014
242.0,42.291677296404885
243.0,42.34345239570763
244.0,42.39576338338897
245.0,42.448610264198216
246.0,42.50198579070449
247.0,42.55588277326163
248.0,42.61030226497259
249.0,42.66523097369539
250.0,42.72066387411537
251.0,42.77660308733293
252.0,42.833037505145725
253.0,42.889963189017635
254.0,42.94737319027287
255.0,43.0052666433254
256.0,43.0636376525205
257.0,43.1224773629292
258.0,43.181783965576464
259.0,43.24154968558244
260.0,43.30177473137019
261.0,43.36244940561207
262.0,43.42357000400368
263.0,43.48513185610718
264.0,43.54712933515883
265.0,43.60955783273653
266.0,43.67241568338487
267.0,43.735694424227034
268.0,43.79938856603131
269.0,43.86349747667791
270.0,43.92801281367909
271.0,43.99293206015953
272.0,44.058249833807864
273.0,44.123960784066824
274.0,44.19006341165132
275.0,44.25654955932704
276.0,44.323414929384654
277.0,44.39065713436473
278.0,44.45827096981343
279.0,44.526253143272356
280.0,44.5945966308128
281.0,44.66329820313496
282.0,44.73235370960407
283.0,44.80176088785815
284.0,44.87151099094427
285.0,44.941603663368426
286.0,45.01203300797553
287.0,45.0827931682434
288.0,45.153884753923265
289.0,45.225300116858534
290.0,45.297036233216645
291.0,45.3690873630395
292.0,45.441448718103615
293.0,45.51412098112692
294.0,45.587097579574134
295.0,45.660374700739325
296.0,45.73394495316545
297.0,45.80781088031906
298.0,45.881966036219964
299.0,45.95640133359183
300.0,46.03112114578521
301.0,46.10611644137258
302.0,46.181384478840904
303.0,46.2569225342843
304.0,46.33272612696406
305.0,46.40879081015498
306.0,46.48511304529397
307.0,46.56169195911039
308.0,46.638519656943714
309.0,46.715594433415795
310.0,46.79291372128283
311.0,46.87047409182169
312.0,46.948269528735835
313.0,47.02629927882642
314.0,47.104557378825675
315.0,47.18304137528963
316.0,47.26174883358365
317.0,47.340675603445845
318.0,47.41981670731449
319.0,47.499172361170274
320.0,47.57873333006729
321.0,47.65850330933799
322.0,47.738474837471784
323.0,47.8186447798026
324.0,47.89901087559159
325.0,47.97957258779411
326.0,48.060320018571176
327.0,48.141254389123056
328.0,48.22237266845758
329.0,48.30367100315324
330.0,48.385146411624234
331.0,48.46679508809861
332.0,48.54861578828978
333.0,48.63060306057804
334.0,48.712753177226844
335.0,48.79506664060351
336.0,48.87753891516451
337.0,48.96016885571477
338.0,49.04294694102758
339.0,49.125877945830666
340.0,49.20895742613166
341.0,49.292180132030964
342.0,49.37554251423643
343.0,49.45904438572751
344.0,49.54268140249563
345.0,49.62645341557429
346.0,49.7103536257226
347.0,49.794381092805
348.0,49.87853239874198
349.0,49.96280996198688
350.0,50.04720458905719
351.0,50.13171459002523
352.0,50.216339950024135
353.0,50.30107652868935
354.0,50.385923522178686
355.0,50.470876831242045
356.0,50.55593403559476
357.0,50.64109108482555
358.0,50.72634725441027
359.0,50.81169853496756
360.0,50.89714919481935
361.0,50.98268700620202
362.0,51.06831628024841
363.0,51.15402978586278
364.0,51.23982856990949
365.0,51.32570874709948
366.0,51.41166974971919
367.0,51.49770937993233
368.0,51.58382216764022
369.0,51.67000595530777
370.0,51.756263549594976
371.0,51.842591186618414
372.0,51.928983474873704
373.0,52.01543998164251
374.0,52.10195535748552
375.0,52.18853415005749
376.0,52.27516775395125
377.0,52.361862400300694
378.0,52.44860293502744
379.0,52.53539727705016
380.0,52.62224348472152
381.0,52.70913304369258
382.0,52.79607063747437
383.0,52.88305108702791
384.0,52.97007581944888
385.0,53.057136394065424
386.0,53.144234273691424
387.0,53.23136764788143
388.0,53.31853472153304
389.0,53.40573537241808
390.0,53.49296619139638
391.0,53.58022543991008
392.0,53.667508092352676
393.0,53.754812441678396
394.0,53.84214837939919
395.0,53.92949935401691
396.0,54.016870331496165
397.0,54.10425636527971
398.0,54.19166412816412
399.0,54.279080419614274
400.0,54.36651361092957
401.0,54.45395384288294
402.0,54.54140454729202
403.0,54.628862537086704
404.0,54.716326300661706
405.0,54.803794341882536
406.0,54.891263518157146
407.0,54.9787357010736
408.0,55.066207779036645
409.0,55.153678328356776
410.0,55.241144264283434
411.0,55.32860753609735
412.0,55.41606342216774
413.0,55.50350720699444
414.0,55.59094759382728
415.0,55.67836984129116
416.0,55.76578437405085
417.0,55.85318990675313
418.0,55.94057675128916
419.0,56.027945314298705
420.0,56.11530108627224
421.0,56.202634401811494
422.0,56.289947409424514
423.0,56.37724059504498
424.0,56.464509386898385
425.0,56.551754297231184
426.0,56.63897416814346
427.0,56.72617125025381
428.0,56.81333422283571
429.0,56.90047216237569
430.0,56.987580570207854
431.0,57.07465836365759
432.0,57.16169763653562
433.0,57.24870757113591
434.0,57.33568200215356
435.0,57.42262160880992
436.0,57.50952538062923
437.0,57.596387161073196
438.0,57.68321283114422
439.0,57.76999625692396
440.0,57.85673991924496
441.0,57.94344287678784
442.0,58.03009901175035
443.0,58.116710852367575
444.0,58.20328095857029
445.0,58.28980497431138
446.0,58.37627854484218
447.0,58.46270774894434
448.0,58.54908477219763
449.0,58.635412250860796
450.0,58.72169110461962
451.0,58.80791352042763
452.0,58.89408743767379
453.0,58.9802050605564
454.0,59.06626911064389
455.0,59.15227706215883
456.0,59.238233441554684
457.0,59.32412693080401
458.0,59.409965612476825
459.0,59.49574700334469
460.0,59.581465082647426
461.0,59.66712623463823
462.0,59.752720896437424
463.0,59.83825905147846
464.0,59.923732923301785
465.0,60.009147210341425
466.0,60.09449591809083
467.0,60.179774821430996
468.0,60.264994045657915
469.0,60.35014581706474
470.0,60.43523312724997
471.0,60.52024458121605
472.0,60.60519581283535
473.0,60.690077247450006
474.0,60.7748901312887
475.0,60.85963392271161
476.0,60.94430445181207
477.0,61.02890117766297
478.0,61.113430862794374
479.0,61.19788571764789
480.0,61.28226706106956
481.0,61.3665780635112
482.0,61.4508127584225
483.0,61.53497250101722
484.0,61.61906051229215
485.0,61.70307082459955
486.0,61.78700298673964
487.0,61.87086025597563
488.0,61.9546403629696
489.0,62.0383428938793
490.0,62.12196372432355
491.0,62.20551174985967
492.0,62.28897728353847
493.0,62.3723636659108
494.0,62.45566678161019
495.0,62.53889750089718
496.0,62.622044241503716
497.0,62.7051085201914
498.0,62.788088107423306
499.0,62.8709883211863
500.0,62.95380317916366
501.0,63.036539925816854
502.0,63.11919258897076
503.0,63.20175896177602
504.0,63.28424064334712
505.0,63.36664306527149
506.0,63.44895833757586
507.0,63.53118617465135
508.0,63.61332822148333
509.0,63.6953861374967
510.0,63.77735776023094
511.0,63.85924092157309
512.0,63.94104116356863
513.0,64.02275247917002
514.0,64.10437850992179
515.0,64.18591517319568
516.0,64.267364194379
517.0,64.3487253737221
518.0,64.42999266637743
519.0,64.51117757751089
520.0,64.59227212981081
521.0,64.67327810030312
522.0,64.75419532097422
523.0,64.83501969923526
524.0,64.91575697099752
525.0,64.99640699973375
526.0,65.07695581240442
527.0,65.15741905927862
528.0,65.23779464515243
529.0,65.31807649753486
530.0,65.39826845775927
531.0,65.47837041675506
532.0,65.55838026981534
533.0,65.63829390486913
534.0,65.71812322489112
535.0,65.79786013985014
536.0,65.87749248630189
537.0,65.95704228060265
538.0,66.03649738058125
539.0,66.1158617420945
540.0,66.19513125405764
541.0,66.2743078660391
542.0,66.35339355094116
543.0,66.43238215285601
544.0,66.51128379863746
545.0,66.59009029911766
546.0,66.66879341443273
547.0,66.74740945882782
548.0,66.8259322687933
549.0,66.90435976009634
550.0,66.98269602027246
551.0,67.06093691238412
552.0,67.13908448126212
553.0,67.21713042787708
554.0,67.29508923330698
555.0,67.37294845452324
556.0,67.4507143109648
557.0,67.52839306790827
558.0,67.60597223238774
559.0,67.68345597257154
560.0,67.76084849238444
561.0,67.83814142391246
562.0,67.91533897141284
563.0,67.99244115527176
564.0,68.06944800005516
565.0,68.14636376436157
566.0,68.22318002618847
567.0,68.29990953545632
568.0,68.37653111387726
569.0,68.45307029446367
570.0,68.52951012323594
571.0,68.60585490177567
572.0,68.68210040199446
573.0,68.75825094693666
574.0,68.83431089245478
575.0,68.91026741479573
576.0,68.98613777618527
577.0,69.06190913809148
578.0,69.13758587548784
579.0,69.21316373250866
580.0,69.2886471044705
581.0,69.36404041891994
582.0,69.43933507672199
583.0,69.51453114078383
584.0,69.58963741752629
585.0,69.66464964486093
586.0,69.73956353683676
587.0,69.81438355895946
588.0,69.88910541621834
589.0,69.96373359338233
590.0,70.03826819693391
591.0,70.11270049881097
592.0,70.18704384433794
593.0,70.26129836793724
594.0,70.33544200541644
595.0,70.40950592222666
596.0,70.483468029586
597.0,70.55734179311636
598.0,70.63110948316466
599.0,70.7047935442655
600.0,70.77837621363798
601.0,70.85186656177575
602.0,70.92525572653095
603.0,70.99856182285497
604.0,71.0717624665193
605.0,71.1448803341336
606.0,71.21789297420659
607.0,71.29081406789743
608.0,71.36364830371312
609.0,71.43637765456157
610.0,71.50902498568959
611.0,71.5815631121947
612.0,71.6540149510355
613.0,71.72638068134003
614.0,71.79864672383285
615.0,71.87081778671059
616.0,71.94289860591792
617.0,72.01488013134524
618.0,72.08677170946542
619.0,72.15856426214502
620.0,72.23026716841217
621.0,72.30187596055337
622.0,72.37339542918349
623.0,72.44482109306553
624.0,72.51615310368058
625.0,72.58739161130356
626.0,72.65853676940797
627.0,72.72958873266055
628.0,72.80055702756465
629.0,72.87141838853167
630.0,72.94219641094784
631.0,73.01287717350172
632.0,73.08346553092765
633.0,73.15397108722644
634.0,73.22437513376607
635.0,73.29468726234897
636.0,73.3649171244538
637.0,73.43504592940987
638.0,73.50508331403886
639.0,73.57502944846357
640.0,73.64487973042118
641.0,73.71465341971715
642.0,73.78432682674561
643.0,73.85390966551083
644.0,73.92339730978685
645.0,73.9928091362846
646.0,74.06211169228293
647.0,74.13133398875021
648.0,74.20045693628808
649.0,74.26950000657733
650.0,74.33844889694826
651.0,74.40730861261734
652.0,74.47606962293725
653.0,74.5447466536922
654.0,74.61333990710718
655.0,74.68183495637504
656.0,74.75023682625279
657.0,74.81856035000649
658.0,74.88679106062601
659.0,74.95492421897569
660.0,75.02297961165958
661.0,75.09094271305794
662.0,75.15881368804656
663.0,75.22660256741031
664.0,75.29428980452325
665.0,75.36189530681717
666.0,75.42941433168085
667.0,75.4968421088564
668.0,75.56417880764826
669.0,75.6314345440165
670.0,75.69859458780869
671.0,75.76567405129254
672.0,75.83265816459173
673.0,75.89955707975389
674.0,75.96637599658926
675.0,76.0331000857552
676.0,76.0997395412719
677.0,76.16628450184075
678.0,76.23274518985086
679.0,76.29912683935999
680.0,76.36541957065506
681.0,76.43161850396594
682.0,76.4977389765071
683.0,76.56377106981958
684.0,76.62970988362751
685.0,76.69556573660638
686.0,76.76133373825628
687.0,76.82701915841784
688.0,76.89261709367231
689.0,76.95813282873175
690.0,77.02355633243351
691.0,77.0889031248327
692.0,77.15415804105096
693.0,77.21933664331257
694.0,77.2844083002667
695.0,77.34940914853308
696.0,77.41432911660281
697.0,77.47915808034168
698.0,77.54390653514369
699.0,77.60855915624043
700.0,77.67314198990931
701.0,77.73763971080801
702.0,77.80204730538289
703.0,77.86636493445964
704.0,77.93060837907689
705.0,77.99476221675137
706.0,78.0588318307476
707.0,78.12281217264776
708.0,78.18672433795633
709.0,78.25054760542407
710.0,78.31428738352362
711.0,78.37794910505494
712.0,78.44152245344894
713.0,78.50500758845278
714.0,78.56840994483315
715.0,78.63172970343074
716.0,78.69496704615811
717.0,78.75812744390998
718.0,78.82120580048311
719.0,78.88420229658294
720.0,78.94711711402296
721.0,79.00994511796338
722.0,79.07270243843793
723.0,79.13536797761296
724.0,79.19794721579751
725.0,79.2604509980304
726.0,79.32286882938088
727.0,79.3852062249495
728.0,79.44746872829236
729.0,79.50965117252215
730.0,79.5717537375338
731.0,79.63377122672262
732.0,79.69569841676577
733.0,79.75755701748491
734.0,79.81933645303288
735.0,79.88102609487899
736.0,79.94264231852391
737.0,80.00417449090497
738.0,80.06562819659362
739.0,80.12700904539831
740.0,80.18829549657487
741.0,80.24952576294154
742.0,80.31065107538909
743.0,80.37170969418155
744.0,80.43269091902279
745.0,80.49359492887974
746.0,80.5544054911387
747.0,80.61513916430776
748.0,80.67581806098173
749.0,80.7363820496846
750.0,80.79690262641823
751.0,80.85731405953894
752.0,80.91767700519169
753.0,80.97793659717802
754.0,81.03813708082927
755.0,81.09824001139327
756.0,81.15827315403408
757.0,81.21823670591786
758.0,81.27811423373802
759.0,81.3379280772554
760.0,81.39764512200081
761.0,81.45729327918556
762.0,81.51686717855004
763.0,81.5763558539725
764.0,81.63577060554756
765.0,81.69511161004303
766.0,81.75437904745112
767.0,81.81355071142443
768.0,81.87267712492412
769.0,81.93169126291471
770.0,81.99066615421255
771.0,82.04953465181939
772.0,82.1083418275391
773.0,82.16707663100533
774.0,82.22571669527677
775.0,82.28430726374137
776.0,82.34279775235156
777.0,82.40122782630695
778.0,82.45956939968532
779.0,82.51784525777335
780.0,82.57604992213518
781.0,82.63417221763015
782.0,82.692223648672
783.0,82.75019301614289
784.0,82.80809754115197
785.0,82.86591462079096
786.0,82.92366719712639
787.0,82.98134404182889
788.0,83.03895102889564
789.0,83.0964711690381
790.0,83.15393322007573
791.0,83.21130872891041
792.0,83.26862076960973
793.0,83.32584081869764
794.0,83.38299197699037
795.0,83.44008017193494
796.0,83.49708255678173
797.0,83.55403384316172
798.0,83.61088809185308
799.0,83.66768004806391
800.0,83.72439833876403
801.0,83.7810373333084
802.0,83.83759717241047
803.0,83.89410118390016
804.0,83.9505321650582
805.0,84.0068728473368
806.0,84.06316403137757
807.0,84.11935356793904
808.0,84.1755114223956
809.0,84.23155624859602
810.0,84.28755227305876
811.0,84.34347635296616
812.0,84.39930526319715
813.0,84.4550858986589
814.0,84.51080090910764
815.0,84.56642702171929
816.0,84.62198194174826
817.0,84.67748343672436
818.0,84.73288469486627
819.0,84.78824461032433
820.0,84.8435104315602
821.0,84.89869992565315
822.0,84.95384861481196
823.0,85.00889180276795
824.0,85.0638945328235
825.0,85.11881564622668
826.0,85.17366710033298
827.0,85.22844312476293
828.0,85.28315571251048
829.0,85.33779316497991
830.0,85.3923437432549
831.0,85.44686104219966
832.0,85.5012679771183
833.0,85.5556419868066
834.0,85.60992373072108
835.0,85.66414907924685
836.0,85.71830030830985
837.0,85.77238352821303
838.0,85.82638095557144
839.0,85.88031064474693
840.0,85.934196699284
841.0,85.98799737848967
842.0,86.04173677902791
843.0,86.09539105557943
844.0,86.14898434421502
845.0,86.20251079775026
846.0,86.25597658220086
847.0,86.30936379632934
848.0,86.36268461376466
849.0,86.41593315209559
850.0,86.4691155827161
851.0,86.52223205524722
852.0,86.57526457885626
853.0,86.62826166922262
854.0,86.68116904269338
855.0,86.73400497276494
856.0,86.786775658801
857.0,86.83950553045425
858.0,86.89213404227499
859.0,86.94470381542315
860.0,86.99721501210524
861.0,87.04963734784285
862.0,87.10202575837553
863.0,87.15432557500262
864.0,87.20656740460498
865.0,87.25873308503691
866.0,87.31083495956311
867.0,87.36286094196814
868.0,87.41482339398262
869.0,87.46674084007499
870.0,87.51856442254105
871.0,87.5703433016537
872.0,87.62204082453533
873.0,87.67368781919916
874.0,87.72524756435799
875.0,87.77675707211266
876.0,87.82819188408506
877.0,87.87955827946573
878.0,87.93086872565405
879.0,87.98210486607519
880.0,88.03328534626617
881.0,88.08438560361388
882.0,88.13544903664818
883.0,88.18642632887067
884.0,88.23734234566851
885.0,88.28817243962463
886.0,88.33895391707964
887.0,88.3896745344466
888.0,88.44032201348546
889.0,88.49092133370928
890.0,88.54142290485194
891.0,88.59188903590645
892.0,88.64227009349341
893.0,88.69260356584809
894.0,88.74288962244754
895.0,88.79307849931436
896.0,88.84320773683595
897.0,88.89327747868516
898.0,88.9432878662143
899.0,88.99322652521455
900.0,89.04311862423981
901.0,89.09291419295982
902.0,89.14267601184241
903.0,89.19236661977175
904.0,89.24199869236787
905.0,89.29154723577382
906.0,89.34103749371103
907.0,89.39048219212312
908.0,89.43983112572145
909.0,89.4891599682197
910.0,89.5383932780747
911.0,89.58756897517027
912.0,89.63668720016742
913.0,89.68577336154972
914.0,89.73473915334688
915.0,89.78366049569932
916.0,89.83253755357966
917.0,89.881332491035
918.0,89.93008342398028
919.0,89.97873978523654
920.0,90.02736509625693
921.0,90.07590874932617
922.0,90.12442166301692
923.0,90.17284045056098
924.0,90.22119062510708
925.0,90.26952322460117
926.0,90.31773655058913
927.0,90.3659453411642
928.0,90.41404779581399
929.0,90.46210776850023
930.0,90.51009988246713
931.0,90.55802425157646
932.0,90.60590656198129
933.0,90.65370859543637
934.0,90.70146884632742
935.0,90.74916185786401
936.0,90.79678774461937
937.0,90.84434662156347
938.0,90.89186426609612
939.0,90.93930232090918
940.0,90.9866865706371
941.0,91.03401715292385
942.0,91.08124275619369
943.0,91.12846638330139
944.0,91.17559812193751
945.0,91.22270246337972
946.0,91.26972802135559
947.0,91.31668778627714
948.0,91.36358187243654
949.0,91.41042330784482
950.0,91.45718638451204
951.0,91.50389705288568
952.0,91.5505813212115
953.0,91.59717465000452
954.0,91.64370301125217
955.0,91.69017947681667
956.0,91.73661714733119
957.0,91.78297726117636
958.0,91.82928586972504
959.0,91.87550414607706
960.0,91.921697132679
961.0,91.96782600222934
962.0,92.0138778592141
963.0,92.05990485805337
964.0,92.10581601526282
965.0,92.15174165893636
966.0,92.197564694874
967.0,92.24335039355573
968.0,92.28903365400795
969.0,92.33469287389774
970.0,92.38028903393563
971.0,92.42580917403646
972.0,92.47129262356013
973.0,92.51671336349597
974.0,92.56208459989477
975.0,92.60736716625013
976.0,92.65262666589496
977.0,92.69779770622128
978.0,92.74295907862279
979.0,92.78799283553192
980.0,92.83300405547642
981.0,92.87796663034318
982.0,92.92286754532975
983.0,92.96772006605319
984.0,93.01247168316083
985.0,93.05721461625383
986.0,93.10188318947732
987.0,93.1464906739694
988.0,93.19103718166006
989.0,93.23552282393491
990.0,93.27996091216488
991.0,93.32435157686437
992.0,93.36868173563921
993.0,93.412938281175
994.0,93.45716098196712
995.0,93.50131029092098
996.0,93.54539953854773
997.0,93.58944208063862
998.0,93.633411544502
999.0,93.67734779589496
1000.0,93.72121119033281
1001.0,93.76504163130775
1002.0,93.8087861595973
1003.0,93.85249798125027
1004.0,93.89612408562232
1005.0,93.93973102552661
1006.0,93.98326575870153
1007.0,94.02672837660756
1008.0,94.07015891461593
1009.0,94.11350423691943
1010.0,94.1568310514974
1011.0,94.20005952521602
1012.0,94.2432830870261
1013.0,94.28640850375501
1014.0,94.32950258632225
1015.0,94.37253876696421
1016.0,94.41551715491639
1017.0,94.45843786026087
1018.0,94.50128761625236
1019.0,94.54410665986067
1020.0,94.58686836117849
1021.0,94.62957282927032
1022.0,94.67219337522774
1023.0,94.71482390932819
1024.0,94.757357340239
1025.0,94.79986080906029
1026.0,94.84228076871533
1027.0,94.88463072183141
1028.0,94.92695106365458
1029.0,94.96920161663944
1030.0,95.01140936460538
1031.0,95.05356098169632
1032.0,95.09568349215756
1033.0,95.1377231855452
1034.0,95.17970707375827
1035.0,95.22166221546125
1036.0,95.26353483110967
1037.0,95.30536545362543
1038.0,95.34715420782153
1039.0,95.38888772157979
1040.0,95.43053909774318
1041.0,95.47216244405489
1042.0,95.51371736034935
1043.0,95.55523097707137
1044.0,95.59670341854405
1045.0,95.63808068724032
1046.0,95.679430521026
1047.0,95.72072597834818
1048.0,95.76198071300082
1049.0,95.80316774458281
1050.0,95.84432783744889
1051.0,95.88537975281474
1052.0,95.92643208110582
1053.0,95.96738997788313
1054.0,96.00832139710424
1055.0,96.0492128938595
1056.0,96.0900102322486
1057.0,96.13078144677955
1058.0,96.17149947548715
1059.0,96.21217803056389
1060.0,96.25276279188756
1061.0,96.29334913093437
1062.0,96.33385548969011
1063.0,96.37428194371142
1064.0,96.41469672609001
1065.0,96.45503180635886
1066.0,96.49534182730889
1067.0,96.53558598562705
1068.0,96.57577802369676
1069.0,96.61591804798532
1070.0,96.65603348874731
1071.0,96.69605614700443
1072.0,96.73602709993988
1073.0,96.77598748390838
1074.0,96.81585535829875
1075.0,96.85569921848146
1076.0,96.895478124567
1077.0,96.93521956075465
1078.0,96.97488254223761
1079.0,97.01453567832839
1080.0,97.05409684947345
1081.0,97.09363469869689
1082.0,97.13312191800978
1083.0,97.17251743485657
1084.0,97.21188996516625
1085.0,97.25122590670425
1086.0,97.2904978983515
1087.0,97.32973352103116
1088.0,97.3688916442414
1089.0,97.40798609904293
1090.0,97.4470995312358
1091.0,97.48610824092106
1092.0,97.52508111901815
1093.0,97.56399073772747
1094.0,97.6028509654904
1095.0,97.64170325344361
1096.0,97.68045123876686
1097.0,97.71917772001737
1098.0,97.75784143984532
1099.0,97.79648389089988
1100.0,97.83503617852503
1101.0,97.87352598523412
1102.0,97.91203628651263
1103.0,97.95042906656352
1104.0,97.98881494729092
1105.0,98.02712493425341
1106.0,98.06542826454175
1107.0,98.10362822608319
1108.0,98.14180791473983
1109.0,98.17993976928418
1110.0,98.21801004364598
1111.0,98.25604653546407
1112.0,98.29400778649725
1113.0,98.33196318609322
1114.0,98.36984354186187
1115.0,98.40764893059139
1116.0,98.44544880668514
1117.0,98.48316003301893
1118.0,98.52087986154582
1119.0,98.55849734034707
1120.0,98.59608198273925
1121.0,98.63360611109064
1122.0,98.67112541748516
1123.0,98.70855661273667
1124.0,98.74596930645835
1125.0,98.78329406009911
1126.0,98.82060052428987
1127.0,98.85787490449081
1128.0,98.89504768779025
1129.0,98.9322164329039
1130.0,98.96931161096367
1131.0,99.00637511143488
1132.0,99.04339310683037
1133.0,99.08035175257321
1134.0,99.11727903712551
1135.0,99.15413321330843
1136.0,99.19095623084725
1137.0,99.22772027984932
1138.0,99.26445338003158
1139.0,99.30112770586545
1140.0,99.33775731935363
1141.0,99.3743423215004
1142.0,99.41088281264258
1143.0,99.44736490924743
1144.0,99.48383066488172
1145.0,99.52023822702233
1146.0,99.55655969212943
1147.0,99.59287912483406
1148.0,99.6290986351561
1149.0,99.66533033570796
1150.0,99.70147629490377
1151.0,99.73760665234465
1152.0,99.77366545663546
1153.0,99.80970887361947
1154.0,99.84565287112457
1155.0,99.88159570970085
1156.0,99.91748139029195
1157.0,99.95332403761873
1158.0,99.9890956709762
1159.0,100.02483849915524
1160.0,100.06056667944043
1161.0,100.09618197619633
1162.0,100.13181092499474
1163.0,100.16738337735379
1164.0,100.202885360236
1165.0,100.23834508094365
1166.0,100.27376263851993
1167.0,100.30915220329669
1168.0,100.34445758273547
1169.0,100.37977739618145
1170.0,100.41499912476263
1171.0,100.45020734000981
1172.0,100.48534580414731
1173.0,100.52047096471789
1174.0,100.55552655653123
1175.0,100.59052675674045
1176.0,100.62548575523073
1177.0,100.66041775616088
1178.0,100.69529464868697
1179.0,100.7301447451653
1180.0,100.76491169006545
1181.0,100.79965202732765
1182.0,100.83437998658097
1183.0,100.86902505653123
1184.0,100.90361556274632
1185.0,100.9381939889845
1186.0,100.97271804533916
1187.0,101.00720195795832
1188.0,101.04161754013586
1189.0,101.07602144873024
1190.0,101.11034305986749
1191.0,101.1446531965519
1192.0,101.17892366597991
1193.0,101.21311209306965
1194.0,101.24730350759843
1195.0,101.2814130536334
1196.0,101.31546913234398
1197.0,101.34951433871892
1198.0,101.38352044202952
1199.0,101.41745918755858
1200.0,101.45137318779848
1201.0,101.48524836626429
1202.0,101.51907063393915
1203.0,101.55279751551558
1204.0,101.58652840272724
1205.0,101.62023503098624
1206.0,101.6538607197325
1207.0,101.68746233411403
1208.0,101.7210115739688
1209.0,101.7545369350086
1210.0,101.7879958978293
1211.0,101.82141696098502
1212.0,101.85480021923814
1213.0,101.88813155096554
1214.0,101.92145369884221
1215.0,101.9547098873988
1216.0,101.9879144182803
1217.0,102.02106737796292
1218.0,102.05421154167935
1219.0,102.0872900893777
1220.0,102.12034580490328
1221.0,102.15330759926952
1222.0,102.18624673813422
1223.0,102.21917756675553
1224.0,102.25204321009481
1225.0,102.28487224313851
1226.0,102.31766475935557
1227.0,102.35040659802634
1228.0,102.38309784419233
1229.0,102.41579562071283
1230.0,102.44837168628791
1231.0,102.48095446808021
1232.0,102.51350128096024
1233.0,102.54598367827356
1234.0,102.57843028151136
1235.0,102.61082690873384
1236.0,102.64321647664075
1237.0,102.67552769384585
1238.0,102.70783204115534
1239.0,102.74005820209065
1240.0,102.77223482097678
1241.0,102.80441914095088
1242.0,102.83652552336969
1243.0,102.86859692184696
1244.0,102.90063342789763
1245.0,102.93263513309574
1246.0,102.964573525809
1247.0,102.99649159508994
1248.0,103.02836082682441
1249.0,103.06018130503031
1250.0,103.09198173580495
1251.0,103.12370496390396
1252.0,103.15543695354303
1253.0,103.18709190822685
1254.0,103.21871285900761
1255.0,103.2502998966407
1256.0,103.28183878669188
1257.0,103.31332961296914
1258.0,103.34481544719742
1259.0,103.37621040359825
1260.0,103.40758621458043
1261.0,103.43892864110468
1262.0,103.4702234348089
1263.0,103.50149935986306
1264.0,103.53271348506264
1265.0,103.56388023166309
1266.0,103.59501402991499
1267.0,103.62615801590712
1268.0,103.65719749007513
1269.0,103.688204275638
1270.0,103.71919281708306
1271.0,103.75012013799814
1272.0,103.78102939281311
1273.0,103.81187759287461
1274.0,103.84270790467839
1275.0,103.87347732709927
1276.0,103.90422903861369
1277.0,103.93492002587323
1278.0,103.9655934793728
1279.0,103.99620637333679
1280.0,104.0268019102993
1281.0,104.05735142977836
1282.0,104.08785501365992
1283.0,104.118312744482
1284.0,104.14872470413546
1285.0,104.17911974468248
1286.0,104.20948357284193
1287.0,104.23977310975921
1288.0,104.27006037909692
1289.0,104.30027351704736
1290.0,104.33048456621889
1291.0,104.3606072473328
1292.0,104.39074241183016
1293.0,104.42081816393778
1294.0,104.45087778474327
1295.0,104.48084934896463
1296.0,104.51079054296837
1297.0,104.5407446743968
1298.0,104.5706109843326
1299.0,104.6004471802356
1300.0,104.63028217268123
1301.0,104.66005840271932
1302.0,104.68976153029845
1303.0,104.71946371300712
1304.0,104.74912178962256
1305.0,104.77875026203318
1306.0,104.80832037068905
1307.0,104.83783219176514
1308.0,104.86734350323849
1309.0,104.89681111873907
1310.0,104.92623511853255
1311.0,104.9556300135846
1312.0,104.98498145706002
1313.0,105.01428952902293
1314.0,105.04358318030013
1315.0,105.07281918995126
1316.0,105.10201207177518
1317.0,105.13117634550846
1318.0,105.16028321293189
1319.0,105.18940496437415
1320.0,105.21846947513481
1321.0,105.24746237449827
1322.0,105.27642707554347
1323.0,105.30536366246874
1324.0,105.33428666965159
1325.0,105.36313837762839
1326.0,105.39196221712061
1327.0,105.42074381717907
1328.0,105.44951216943838
1329.0,105.47823844625889
1330.0,105.50692272677858
1331.0,105.53553616936217
1332.0,105.5641656153753
1333.0,105.59273884431578
1334.0,105.62125593109215
1335.0,105.64976034801876
1336.0,105.67822324747742
1337.0,105.70665917655398
1338.0,105.73502480841032
1339.0,105.76337809811591
1340.0,105.79171913201772
1341.0,105.82000457503989
1342.0,105.84823450172313
1343.0,105.87642346268763
1344.0,105.90461496858318
1345.0,105.93273671509316
1346.0,105.96083221271637
1347.0,105.98891602428444
1348.0,106.01695927013668
1349.0,106.04493306093559
1350.0,106.07289540648055
1351.0,106.10078844754374
1352.0,106.12867020333815
1353.0,106.15651178181365
1354.0,106.1843422392502
1355.0,106.2121326789907
1356.0,106.23983970290355
1357.0,106.26759381382729
1358.0,106.29523567560076
1359.0,106.32288130909238
1360.0,106.35050180894578
1361.0,106.37803926645175
1362.0,106.40556624024906
1363.0,106.43309731303789
1364.0,106.46054556870234
1365.0,106.4879400772667
1366.0,106.51535342454179
1367.0,106.54269867874055
1368.0,106.57001942337718
1369.0,106.59731573811543
1370.0,106.62455868926179
1371.0,106.65176285746348
1372.0,106.67895733588608
1373.0,106.70608416880091
1374.0,106.73321597824902
1375.0,106.76029480365183
1376.0,106.78732071800279
1377.0,106.81436636001943
1378.0,106.8413157041631
1379.0,106.86824138983674
1380.0,106.89517252707286
1381.0,106.92199306574408
1382.0,106.94887727889305
1383.0,106.97566555761627
1384.0,107.0024160439343
1385.0,107.02917237344602
1386.0,107.05587654493988
1387.0,107.0825141094918
1388.0,107.10917227253482
1389.0,107.13572040833236
1390.0,107.16233286982204
1391.0,107.18883544897187
1392.0,107.21531536313073
1393.0,107.24180174227938
1394.0,107.26820750436312
1395.0,107.29464894103862
1396.0,107.32100990810565
1397.0,107.34734859100153
1398.0,107.37363600580777
1399.0,107.39984316285822
1400.0,107.42611544584818
1401.0,107.45227855615235
1402.0,107.47847788694271
1403.0,107.50456818599537
1404.0,107.53066579150064
1405.0,107.55674171320707
1406.0,107.58276695568831
1407.0,107.60877066291555
1408.0,107.6346947629393
1409.0,107.66068469837883
1410.0,107.68653702232841
1411.0,107.71242625954548
1412.0,107.73823617804472
1413.0,107.7639959253638
1414.0,107.78979281546357
1415.0,107.81553968400107
1416.0,107.84123660212208
1417.0,107.86688364088506
1418.0,107.89256812742518
1419.0,107.91811562451643
1420.0,107.94370071781755
1421.0,107.96923622239132
1422.0,107.99478038810311
1423.0,108.02018783996321
1424.0,108.04566227918372
1425.0,108.07105832692832
1426.0,108.0964342374015
1427.0,108.12176099000266
1428.0,108.14706775032217
1429.0,108.17235459169254
1430.0,108.19759249058967
1431.0,108.22281061491131
1432.0,108.2479799394424
1433.0,108.27315873283177
1434.0,108.2982306702699
1435.0,108.32337042205765
1436.0,108.34837435674497
1437.0,108.37341715167769
1438.0,108.39841157438008
1439.0,108.42338679873536
1440.0,108.44831379242848
1441.0,108.47322173048424
1442.0,108.49808157908821
1443.0,108.52292251453754
1444.0,108.54771550157197
1445.0,108.57246060985511
1446.0,108.59721612558639
1447.0,108.62192390430737
1448.0,108.64661312509543
1449.0,108.67125474917964
1450.0,108.6958779564432
1451.0,108.72045370707359
1452.0,108.7450111817374
1453.0,108.76949222761358
1454.0,108.79401336170153
1455.0,108.81845820654813
1456.0,108.84291416933775
1457.0,108.86726486755524
1458.0,108.89165593744467
1459.0,108.91597099448542
1460.0,108.94032656498985
1461.0,108.96460626104711
1462.0,108.98883926592107
1463.0,109.01302564830979
1464.0,109.03716547701123
1465.0,109.06140440174906
1466.0,109.08548044711517
1467.0,109.10959749547192
1468.0,109.13363914991304
1469.0,109.15766371238537
1470.0,109.18170036923318
1471.0,109.2056618376281
1472.0,109.22960642052146
1473.0,109.25347595109461
1474.0,109.27738696884217
1475.0,109.30122307087436
1476.0,109.32501344314389
1477.0,109.34884550827047
1478.0,109.37260286191332
1479.0,109.39634380837802
1480.0,109.41998106056481
1481.0,109.44368939648592
1482.0,109.46735241044861
1483.0,109.49094105194149
1484.0,109.51454274344366
1485.0,109.53804107933101
1486.0,109.56158171861631
1487.0,109.58507737364918
1488.0,109.60855722998467
1489.0,109.63199223675753
1490.0,109.65538246115682
1491.0,109.67872797049216
1492.0,109.7021161847066
1493.0,109.72543069994987
1494.0,109.74867158368745
1495.0,109.77192625464355
1496.0,109.79519477866071
1497.0,109.81841898811736
1498.0,109.84154071709031
1499.0,109.86470561435469
1500.0,109.88782639682258
1501.0,109.91084490011787
1502.0,109.93390676880962
1503.0,109.95698295177291
1504.0,109.97995705529102
1505.0,110.00291649039782
1506.0,110.02583220871472
1507.0,110.048762503535
1508.0,110.07167832571801
1509.0,110.0944632894008
1510.0,110.11729213823445
1511.0,110.14013582265521
1512.0,110.16287796047567
1513.0,110.18563506402869
1514.0,110.20834897558993
1515.0,110.23101976094551
1516.0,110.25364748593552
1517.0,110.27626132529902
1518.0,110.29889045157765
1519.0,110.32147671139431
1520.0,110.34396195566146
1521.0,110.36649178695748
1522.0,110.3889789471539
1523.0,110.41136529041802
1524.0,110.4338546204115
1525.0,110.45627236716967
1526.0,110.47864770144798
1527.0,110.50095158547194
1528.0,110.52327139313529
1529.0,110.54554898228774
1530.0,110.5678135187601
1531.0,110.5900359651283
1532.0,110.61224548577835
1533.0,110.63444214327745
1534.0,110.65656780412172
1535.0,110.67870982689904
1536.0,110.70081007866037
1537.0,110.7228686240738
1538.0,110.74488552752848
1539.0,110.76688994748463
1540.0,110.78891103886345
1541.0,110.81080339971993
1542.0,110.8327707416508
1543.0,110.85466766595518
1544.0,110.87655241851546
1545.0,110.8983959720612
1546.0,110.92022747837362
1547.0,110.94201791173563
1548.0,110.96373825019911
1549.0,110.98550490010813
1550.0,111.0072306647102
1551.0,111.02894469062777
1552.0,111.05055979275696
1553.0,111.07216328338222
1554.0,111.09381338283019
1555.0,111.11539382983132
1556.0,111.13690469090545
1557.0,111.15840418611762
1558.0,111.17995052668401
1559.0,111.20139839344053
1560.0,111.22280600293679
1561.0,111.24426063519319
1562.0,111.2656460584648
1563.0,111.28699140912326
1564.0,111.30832581896382
1565.0,111.32962027964466
1566.0,111.35090392051498
1567.0,111.37217680065066
1568.0,111.39340991501862
1569.0,111.41463238909623
1570.0,111.43578615848783
1571.0,111.45692941013252
1572.0,111.47803314364312
1573.0,111.49918459474499
1574.0,111.52020947503893
1575.0,111.5412531346062
1576.0,111.56231562771535
1577.0,111.58328079827172
1578.0,111.60426492124711
1579.0,111.62520995075074
1580.0,111.64614499725083
1581.0,111.66698297710093
1582.0,111.68789823485457
1583.0,111.70874559373458
1584.0,111.72955416265852
1585.0,111.75032400314673
1586.0,111.77108421682516
1587.0,111.79183486086878
1588.0,111.8124888809626
1589.0,111.83319152555747
1590.0,111.85385574008846
1591.0,111.87453965120947
1592.0,111.89506912400218
1593.0,111.91567647499477
1594.0,111.93624563438283
1595.0,111.95677666322683
1596.0,111.97726962238943
1597.0,111.99775359619987
1598.0,112.0182286406689
1599.0,112.0386367713478
1600.0,112.0590941282347
1601.0,112.07945567225595
1602.0,112.09980851994258
1603.0,112.12009469935123
1604.0,112.14045933627365
1605.0,112.16072840869452
1606.0,112.18093099562626
1607.0,112.20115418350133
1608.0,112.22139802238199
1609.0,112.24160455482456
1610.0,112.26171583708415
1611.0,112.28187694031496
1612.0,112.30197191511616
1613.0,112.32202982327722
1614.0,112.34210871430486
1615.0,112.36215065114031
1616.0,112.3821846846491
1617.0,112.40209491124813
1618.0,112.42205533257444
1619.0,112.44203700606134
1620.0,112.46195302804645
1621.0,112.48180346340733
1622.0,112.50170429806685
1623.0,112.52153966088707
1624.0,112.54130961674474
1625.0,112.56110115407537
1626.0,112.58088534789256
1627.0,112.60063328071605
1628.0,112.62031604249894
1629.0,112.63999163176308
1630.0,112.65966010143117
1631.0,112.67932150439823
1632.0,112.69894693236621
1633.0,112.71853644391355
1634.0,112.73814801161019
1635.0,112.75763690687339
1636.0,112.77717692415231
1637.0,112.79668125068284
1638.0,112.81617889361972
1639.0,112.83561201143429
1640.0,112.85506750268164
1641.0,112.87442964225875
1642.0,112.8937563818725
1643.0,112.91313459520508
1644.0,112.93250644831635
1645.0,112.95181412410302
1646.0,112.97108661889577
1647.0,112.99035292037937
1648.0,113.00961307981547
1649.0,113.02880929682907
1650.0,113.04797055901301
1651.0,113.06715476655421
1652.0,113.08633304455562
1653.0,113.10544760979154
1654.0,113.12452744092148
1655.0,113.14365933265853
1656.0,113.16266986042628
1657.0,113.1816458254797
1658.0,113.2007029080803
1659.0,113.21969662041757
1660.0,113.23859812490737
1661.0,113.25755198688537
1662.0,113.27652934581582
1663.0,113.29538577283951
1664.0,113.31417912936574
1665.0,113.33305392759267
1666.0,113.35192353385708
1667.0,113.37073022754508
1668.0,113.38947407205343
1669.0,113.40821289141606
1670.0,113.4269756126089
1671.0,113.44564677547825
1672.0,113.46437081610839
1673.0,113.48300341537188
1674.0,113.50166011688944
1675.0,113.52025436447889
1676.0,113.53884394814295
1677.0,113.55745777732915
1678.0,113.57595160053427
1679.0,113.59446977577925
1680.0,113.61301234388826
1681.0,113.63149279223317
1682.0,113.64994003240574
1683.0,113.66835411978417
1684.0,113.68676395328059
1685.0,113.70519842173532
1686.0,113.7235422111488
1687.0,113.74188189980748
1688.0,113.76021753517723
1689.0,113.77849150291554
1690.0,113.7967903505425
1691.0,113.81508529178538
1692.0,113.8333475506321
1693.0,113.85154836141675
1694.0,113.86971660456216
1695.0,113.88788114989669
1696.0,113.90604204416796
1697.0,113.92414171418629
1698.0,113.94223783685166
1699.0,113.96033045868617
1700.0,113.97836202210189
1701.0,113.9964477865451
1702.0,114.01450139226321
1703.0,114.03246530569832
1704.0,114.05042597061684
1705.0,114.06838343292435
1706.0,114.0863377384668
1707.0,114.10417380101251
1708.0,114.12212194096382
1709.0,114.14000950597016
1710.0,114.15777900856801
1711.0,114.17560315899625
1712.0,114.19339567842859
1713.0,114.21121415315098
1714.0,114.22900109266126
1715.0,114.24667026805841
1716.0,114.26439430569094
1717.0,114.2821444782934
1718.0,114.29980581305537
1719.0,114.31740712947409
1720.0,114.33509222217603
1721.0,114.35271739130249
1722.0,114.37028269836287
1723.0,114.38784568083865
1724.0,114.40540638288743
1725.0,114.42290738427982
1726.0,114.44046366346798
1727.0,114.45790288887378
1728.0,114.4753687564001
1729.0,114.49283258055871
1730.0,114.51023696989242
1731.0,114.52763941480687
1732.0,114.54503995880171
1733.0,114.56235251928808
1734.0,114.5796632832821
1735.0,114.59700099680735
1736.0,114.61427959489407
1737.0,114.63155653191454
1738.0,114.64883185084004
1739.0,114.66607690383934
1740.0,114.68326305513568
1741.0,114.70044773478665
1742.0,114.71765966688154
1743.0,114.7347554923847
1744.0,114.7519360183578
1745.0,114.7690578977861
1746.0,114.78612119129725
1747.0,114.80318329194232
1748.0,114.82021557869932
1749.0,114.83727542283336
1750.0,114.85430554315083
1751.0,114.87127733702644
1752.0,114.88821951559807
1753.0,114.90521807226625
1754.0,114.92210116379694
1755.0,114.93898343408452
1756.0,114.9558935626137
1757.0,114.97280294622436
1758.0,114.98956846787556
1759.0,115.00644787265398
1760.0,115.02326941165119
1761.0,115.04003314492329
1762.0,115.05676775148052
1763.0,115.07355912869363
1764.0,115.09032146058914
1765.0,115.10694036079187
1766.0,115.12367337179485
1767.0,115.14034887893308
1768.0,115.15696694210676
1769.0,115.17361340957964
1770.0,115.19023112600713
1771.0,115.20682014122465
1772.0,115.22335191883798
1773.0,115.2399408505683
1774.0,115.2564440578828
1775.0,115.27297591586566
1776.0,115.28945073504995
1777.0,115.30589714465829
1778.0,115.32237232704126
1779.0,115.33884774849871
1780.0,115.35520920954107
1781.0,115.37159957135917
1782.0,115.38799031004211
1783.0,115.40429581591809
1784.0,115.42068743564236
1785.0,115.43702246351907
1786.0,115.45332949811403
1787.0,115.46958005239611
1788.0,115.48585978322774
1789.0,115.50205460223378
1790.0,115.51827868170238
1791.0,115.53450352744657
1792.0,115.55067214004711
1793.0,115.56687012463256
1794.0,115.58298346122173
1795.0,115.59906923595359
1796.0,115.61521301229199
1797.0,115.63132930266053
1798.0,115.64733266127793
1799.0,115.66342262948403
1800.0,115.67942826730562
1801.0,115.69540661886626
1802.0,115.71138621625948
1803.0,115.7273955773298
1804.0,115.74334929803352
1805.0,115.75924743674938
1806.0,115.77520393140296
1807.0,115.79107646620822
1808.0,115.8070358866102
1809.0,115.82282606493307
1810.0,115.83867474702865
1811.0,115.85452504417054
1812.0,115.87029164775771
1813.0,115.8861168508273
1814.0,115.90185846221975
1815.0,115.91763030120163
1816.0,115.93331865737285
1817.0,115.94903732104581
1818.0,115.96475789076423
1819.0,115.98039513340045
1820.0,115.99603437603834
1821.0,116.01170407048969
1822.0,116.02731900518641
1823.0,116.04290764638642
1824.0,116.05855525518797
1825.0,116.07409143844811
1826.0,116.0896582630107
1827.0,116.10514217841836
1828.0,116.12065681335709
1829.0,116.13614541943767
1830.0,116.15160804302691
1831.0,116.16707310930055
1832.0,116.18251227813829
1833.0,116.19798233859089
1834.0,116.21328474059864
1835.0,116.22870322568762
1836.0,116.24406762254408
1837.0,116.2594063448111
1838.0,116.2747761436669
1839.0,116.29012034451536
1840.0,116.30538230301953
1841.0,116.3206187701
1842.0,116.33588646650256
1843.0,116.35115708127398
1844.0,116.36634565891346
1845.0,116.38153724593064
1846.0,116.39673187634024
1847.0,116.41190126561975
1848.0,116.42707377362024
1849.0,116.44219281255914
1850.0,116.45734335988789
1851.0,116.47244052846658
1852.0,116.48748437489338
1853.0,116.50255984178392
1854.0,116.51761036794244
1855.0,116.53260771070148
1856.0,116.54760849394694
1857.0,116.56261275078727
1858.0,116.57762051425485
1859.0,116.5925752732833
1860.0,116.60756188845927
1861.0,116.62246732417012
1862.0,116.63737642911083
1863.0,116.65220446698747
1864.0,116.66712102016231
1865.0,116.68195659494954
1866.0,116.69676774825895
1867.0,116.71158276489979
1868.0,116.72642991373093
1869.0,116.74125274979015
1870.0,116.75599485975705
1871.0,116.77074098546011
1872.0,116.78546293823429
1873.0,116.80018897861605
1874.0,116.81486271298625
1875.0,116.82956882326887
1876.0,116.84427912434782
1877.0,116.85885264438824
1878.0,116.87351504855941
1879.0,116.88815356146243
1880.0,116.90276822658808
1881.0,116.91730271813951
1882.0,116.93189800640701
1883.0,116.94641321581052
1884.0,116.96096110362794
1885.0,116.97548535195222
1886.0,116.9899578395655
1887.0,117.00449126265636
1888.0,117.01888853451368
1889.0,117.03334681149484
1890.0,117.04778165581712
1891.0,117.06222125416454
1892.0,117.07663749725205
1893.0,117.09100229207581
1894.0,117.10540008834595
1895.0,117.11971839418916
1896.0,117.13401352350256
1897.0,117.14836987639396
1898.0,117.1626468828155
1899.0,117.1769289427085
1900.0,117.1912441927592
1901.0,117.20548023986609
1902.0,117.21963715113331
1903.0,117.23388355951852
1904.0,117.24810709662768
1905.0,117.26227971851225
1906.0,117.27645764328174
1907.0,117.29064090028163
1908.0,117.30474529863424
1909.0,117.31885511293179
1910.0,117.33294230736739
1911.0,117.34703498445884
1912.0,117.36116122980933
1913.0,117.37515274552555
1914.0,117.38923400893091
1915.0,117.40323674734708
1916.0,117.41727318631024
1917.0,117.43120316455534
1918.0,117.44516691758793
1919.0,117.45919248819384
1920.0,117.47311174310326
1921.0,117.487008817097
1922.0,117.50096779381386
1923.0,117.51487663627515
1924.0,117.52865138142985
1925.0,117.54260013636838
1926.0,117.55647087846957
1927.0,117.57029166706705
1928.0,117.58409054429845
1929.0,117.59786755087433
1930.0,117.61167868718572
1931.0,117.62541206583589
1932.0,117.63920760938119
1933.0,117.65292548496697
1934.0,117.6666776092415
1935.0,117.68032420545208
1936.0,117.69403307636249
1937.0,117.7077483241039
1938.0,117.72144203061131
1939.0,117.73503041358346
1940.0,117.74862529823571
1941.0,117.76228257589506
1942.0,117.7758626084632
1943.0,117.78944923228124
1944.0,117.80301455515144
1945.0,117.81658653154521
1946.0,117.83008145740284
1947.0,117.84358311632366
1948.0,117.85711943634207
1949.0,117.87057884246636
1950.0,117.88407297130405
1951.0,117.89754605947392
1952.0,117.91099814644811
1953.0,117.92440139227084
1954.0,117.93781159951001
1955.0,117.9512287942362
1956.0,117.96462513628602
1957.0,117.97794494159395
1958.0,117.99135541922733
1959.0,118.00471729113374
1960.0,118.01797491313206
1961.0,118.03126758353494
1962.0,118.04456747518518
1963.0,118.05793028335856
1964.0,118.07113336326258
1965.0,118.08437160242843
1966.0,118.09764501276005
1967.0,118.11075888712816
1968.0,118.12404708148382
1969.0,118.13720365205643
1970.0,118.15039551228962
1971.0,118.16351147774341
1972.0,118.17666279179838
1973.0,118.18982167577255
1974.0,118.2029325835854
1975.0,118.21602334795907
1976.0,118.22906623073507
1977.0,118.24217237111647
1978.0,118.25523069713479
1979.0,118.2682690232231
1980.0,118.28128738741314
1981.0,118.29434133499495
1982.0,118.3072643818779
1983.0,118.32027857704323
1984.0,118.3332729436038
1985.0,118.34619204846497
1986.0,118.35911914929176
1987.0,118.37202654375736
1988.0,118.38499743451463
1989.0,118.39783779816443
1990.0,118.4107140023055
1991.0,118.423598348935
1992.0,118.43649086163481
1993.0,118.44928076912191
1994.0,118.462106620631
1995.0,118.47491304676528
1996.0,118.48764471495407
1997.0,118.50046777166773
1998.0,118.5132714959242
1999.0,118.5260005827719
2000.0,118.53868276333337
2001.0,118.55145639714833
2002.0,118.56418317995718
2003.0,118.5768908149703
2004.0,118.58952404338318
2005.0,118.60224878864327
2006.0,118.61487156225216
2007.0,118.62744771037896
2008.0,118.64011542938815
2009.0,118.6527089528989
2010.0,118.66533882463371
2011.0,118.6778669773732
2012.0,118.69045915224349
2013.0,118.7030049204182
2014.0,118.7155595343564
2015.0,118.72806782348691
2016.0,118.74055742972493
2017.0,118.75308356318185
2018.0,118.76553590265021
2019.0,118.77799724504096
2020.0,118.79049518508778
2021.0,118.80294702602292
2022.0,118.81535281790947
2023.0,118.8277677280684
2024.0,118.84019177811068
2025.0,118.8525147927651
2026.0,118.86490211712793
2027.0,118.87729866474517
2028.0,118.88962185202828
2029.0,118.90189927320536
2030.0,118.9142961309088
2031.0,118.92656470278376
2032.0,118.9388701770318
2033.0,118.95110251567712
2034.0,118.96342682112848
2035.0,118.97570556313934
2036.0,118.98782880374922
2037.0,119.00007157068323
2038.0,119.01232387807732
2039.0,119.02450329907866
2040.0,119.0366648528574
2041.0,119.04883604730601
2042.0,119.06101690294135
2043.0,119.07309758686041
2044.0,119.08521546976633
2045.0,119.09737055759159
2046.0,119.10950795832825
2047.0,119.12151793028147
2048.0,119.13362008003637
2049.0,119.14570464652165
2050.0,119.15779909382111
2051.0,119.16976631805765
2052.0,119.18179835121458
2053.0,119.19375810861726
2054.0,119.20581011527153
2055.0,119.2177351038938
2056.0,119.22975237151067
2057.0,119.24172491543898
2058.0,119.25362539354066
2059.0,119.265563413033
2060.0,119.27748421652693
2061.0,119.28938783798789
2062.0,119.30127431137683
2063.0,119.31314367056315
2064.0,119.32499594939445
2065.0,119.33683118169249
2066.0,119.3486767530703
2067.0,119.3605326826064
2068.0,119.37234430502927
2069.0,119.3841390058485
2070.0,119.39591681861945
2071.0,119.4076777768496
2072.0,119.41942191402926
2073.0,119.43120389877802
2074.0,119.44291448423
2075.0,119.45469027209509
2076.0,119.46634013136078
2077.0,119.47800064397023
2078.0,119.48969912141911
2079.0,119.5013809910952
2080.0,119.51301900290889
2081.0,119.52466776117616
2082.0,119.53632728408928
2083.0,119.54791578470125
2084.0,119.55954237923608
2085.0,119.57112529546214
2086.0,119.58274634159537
2087.0,119.5942692778881
2088.0,119.6058303996611
2089.0,119.61740247120179
2090.0,119.62887657552245
2091.0,119.64038893347615
2092.0,119.6518851002936
2093.0,119.6634467648165
2094.0,119.67485620428278
2095.0,119.68633119634495
2096.0,119.6978173208507
2097.0,119.70920579969952
2098.0,119.72060548552152
2099.0,119.73207077339696
2100.0,119.74352009883644
2101.0,119.75487195728132
2102.0,119.76623512135791
2103.0,119.77766394590248
2104.0,119.78899543453626
2105.0,119.80031114089348
2106.0,119.81169255846035
2107.0,119.8229767808694
2108.0,119.83424531655409
2109.0,119.84560675256836
2110.0,119.85687112380714
2111.0,119.86811989344719
2112.0,119.87935309311959
2113.0,119.89062499182509
2114.0,119.90182713620285
2115.0,119.91309513113532
2116.0,119.92426634115907
2117.0,119.93544923723796
2118.0,119.94667092910781
2119.0,119.95785015241717
2120.0,119.96895987019458
2121.0,119.98013553571728
2122.0,119.99129591476549
2123.0,120.00235983381378
2124.0,120.01346268530611
2125.0,120.02455035372539
2126.0,120.0356499231055
2127.0,120.0467343612254
2128.0,120.05780369899091
2129.0,120.06891204286647
2130.0,120.07989719687339
2131.0,120.09089439094132
2132.0,120.10193066314508
2133.0,120.11297899616251
2134.0,120.12393135587695
2135.0,120.1349228551201
2136.0,120.14589948951354
2137.0,120.1568072953868
2138.0,120.16778129376598
2139.0,120.17874050848276
2140.0,120.18965798815972
2141.0,120.20053377844695
2142.0,120.21147581118453
2143.0,120.22234923842454
2144.0,120.23318108237314
2145.0,120.24402530096772
2146.0,120.25490886005403
2147.0,120.26577786704748
2148.0,120.27657847034772
2149.0,120.28739153778147
2150.0,120.29819015336132
2151.0,120.30897434697482
2152.0,120.31971722820249
2153.0,120.33055341803583
2154.0,120.34129451451903
2155.0,120.35196749851347
2156.0,120.36273382889883
2157.0,120.37345900070183
2158.0,120.38422372721482
2159.0,120.39486670156765
2160.0,120.4055761688007
2161.0,120.41627149016463
2162.0,120.42697956383726
2163.0,120.43756608576133
2164.0,120.4482191562688
2165.0,120.45888505163593
2166.0,120.46945639326619
2167.0,120.48006747149383
2168.0,120.49071828445928
2169.0,120.50130150000534
2170.0,120.51179035091633
2171.0,120.52239949044252
2172.0,120.53294115077304
2173.0,120.54341539198748
2174.0,120.55403672720097
2175.0,120.56451027606589
2176.0,120.57505051520752
2177.0,120.58555026252522
2178.0,120.59600956236625
2179.0,120.60648202031778
2180.0,120.61699442485667
2181.0,120.62735938189763
2182.0,120.63784464819669
2183.0,120.64828961537728
2184.0,120.65864081843908
2185.0,120.6691123276917
2186.0,120.67949014014675
2187.0,120.6898812868417
2188.0,120.70023231307064
2189.0,120.71059671974972
2190.0,120.72097451945446
2191.0,120.7313122886968
2192.0,120.74166349690233
2193.0,120.75192132632687
2194.0,120.76229947065158
2195.0,120.7725309086954
2196.0,120.78277589798856
2197.0,120.7931411971934
2198.0,120.8034133048048
2199.0,120.81364564814146
2200.0,120.82389161245135
2201.0,120.83409787863732
2202.0,120.84431781089413
2203.0,120.85455142117799
2204.0,120.86474542177722
2205.0,120.87495314522297
2206.0,120.88506804615045
2207.0,120.89525000370824
2208.0,120.90544574049316
2209.0,120.91554877419101
2210.0,120.9257188890409
2211.0,120.93579638726598
2212.0,120.94594098979617
2213.0,120.95604626684572
2214.0,120.96611226152628
2215.0,120.97619220061897
2216.0,120.98628609549614
2217.0,120.99628763231298
2218.0,121.00635634178404
2219.0,121.0164922033561
2220.0,121.02642954235752
2221.0,121.03648721835101
2222.0,121.04645274027074
2223.0,121.05648547991382
2224.0,121.06642615107269
2225.0,121.07643406190427
2226.0,121.08640305696491
2227.0,121.09638623558565
2228.0,121.10627751648975
2229.0,121.11623608041509
2230.0,121.1261558566115
2231.0,121.13603688760013
2232.0,121.1459852230556
2233.0,121.15589485577597
2234.0,121.16576582820994
2235.0,121.175598182763
2236.0,121.18544492281723
2237.0,121.19535900918869
2238.0,121.20512866135796
2239.0,121.21496570181833
2240.0,121.22487010888236
2241.0,121.23468313752029
2242.0,121.24440486188686
2243.0,121.25419401538831
2244.0,121.2639977003896
2245.0,121.27376306184097
2246.0,121.28354299618582
2247.0,121.29328466966213
2248.0,121.30304095728637
2249.0,121.31275904657365
2250.0,121.32249179109637
2251.0,121.33218639967143
2252.0,121.3417901238285
2253.0,121.35151415586026
2254.0,121.36120013453375
2255.0,121.37090085976041
2256.0,121.38051084619963
2257.0,121.39013564113614
2258.0,121.39988070614487
2259.0,121.4094824098149
2260.0,121.41909897175975
2261.0,121.42873040135608
2262.0,121.43827134168815
2263.0,121.44793255594101
2264.0,121.45739801907638
2265.0,121.46703642550149
2266.0,121.47658448683607
2267.0,121.48604227664069
2268.0,121.49567296189886
2269.0,121.50521341520285
2270.0,121.51471630723425
2271.0,121.52423426559787
2272.0,121.53366214790769
2273.0,121.54326285195563
2274.0,121.5525633027071
2275.0,121.56214167954128
2276.0,121.5715775689997
2277.0,121.58108116390262
2278.0,121.59044239656613
2279.0,121.59992387371159
2280.0,121.60936807087701
2281.0,121.61877502894919
2282.0,121.62814478878157
2283.0,121.63758230525679
2284.0,121.64693021567206
2285.0,121.6562934640253
2286.0,121.66561963400555
2287.0,121.67496118012645
2288.0,121.68437051365312
2289.0,121.69363804147358
2290.0,121.7030257760408
2291.0,121.71232417824932
2292.0,121.72163804057764
2293.0,121.73086267318533
2294.0,121.74020750143981
2295.0,121.74946315919954
2296.0,121.75868203578621
2297.0,121.76802108838967
2298.0,121.77721878597035
2299.0,121.78648436954758
2300.0,121.79566099509334
2301.0,121.80490552208497
2302.0,121.81416567423027
2303.0,121.82328473756859
2304.0,121.83247173605132
2305.0,121.84172664464332
2306.0,121.85089281439548
2307.0,121.86002251501283
2308.0,121.86916797273142
2309.0,121.87838137026276
2310.0,121.88745402444722
2311.0,121.89649034755993
2312.0,121.90569895054887
2313.0,121.91476695148869
2314.0,121.92385081843646
2315.0,121.93300266863247
2316.0,121.94206617887768
2317.0,121.95114559819241
2318.0,121.96018885616557
2319.0,121.96919599245061
2320.0,121.97821910231772
2321.0,121.98731023742478
2322.0,121.99631327039226
2323.0,122.00533231932792
2324.0,122.01436739101372
2325.0,122.02326248882397
2326.0,122.03238164914988
2327.0,122.04125693404092
2328.0,122.05025229247819
2329.0,122.05921179317384
2330.0,122.06808352886198
2331.0,122.07712724978316
2332.0,122.0859793911226
2333.0,122.09500348687156
2334.0,122.10388802801361
2335.0,122.11278879498903
2336.0,122.1216020321665
2337.0,122.13053529164593
2338.0,122.13943293669715
2339.0,122.14829500636216
2340.0,122.1571215396278
2341.0,122.16596440173421
2342.0,122.17482359878133
2343.0,122.18359552803678
2344.0,122.19248743500293
2345.0,122.20129212997685
2346.0,122.21011322768692
2347.0,122.21889897347235
2348.0,122.22764940607833
2349.0,122.23646804150604
2350.0,122.2451479419197
2351.0,122.25399951209924
2352.0,122.26271242453905
2353.0,122.27149356274242
2354.0,122.28023953184108
2355.0,122.28895037036803
2356.0,122.29762611680536
2357.0,122.30631846049519
2358.0,122.3150274069461
2359.0,122.32375296160475
2360.0,122.3324435119635
2361.0,122.34104748943199
2362.0,122.34977134908756
2363.0,122.35835710549414
2364.0,122.36701115873232
2365.0,122.3756819180976
2366.0,122.38426628479999
2367.0,122.39297049394155
2368.0,122.40148530475678
2369.0,122.41017148722278
2370.0,122.41871989949735
2371.0,122.42738813047067
2372.0,122.4359186893459
2373.0,122.44441462996815
2374.0,122.453030382178
2375.0,122.46161152594657
2376.0,122.47010665726143
2377.0,122.47861870880776
2378.0,122.4871991052458
2379.0,122.49559077390047
2380.0,122.50420503456546
2381.0,122.51268205179056
2382.0,122.52122743262277
2383.0,122.52958432473545
2384.0,122.53811234124466
2385.0,122.54660601651217
2386.0,122.55501405644276
2387.0,122.56349049364218
2388.0,122.5719839897876
2389.0,122.58039195213607
2390.0,122.58871445120748
2391.0,122.5972079401224
2392.0,122.60556473096659
2393.0,122.61404119947267
2394.0,122.62243231009062
2395.0,122.63068690091303
2396.0,122.63916362452747
2397.0,122.64745267052199
2398.0,122.6558613707064
2399.0,122.66418491025833
2400.0,122.67257689071944
2401.0,122.68078145277715
2402.0,122.68915681785438
2403.0,122.69749831463183
2404.0,122.70585711300056
2405.0,122.71407985145453
2406.0,122.72242218693944
2407.0,122.73062855853297
2408.0,122.73895451254228
2409.0,122.74719567612543
2410.0,122.75545425226545
2411.0,122.76373024458883
2412.0,122.77197261236489
2413.0,122.78018139236528
2414.0,122.78840764350215
2415.0,122.79660035816212
2416.0,122.80475957301053
2417.0,122.81303829159101
2418.0,122.82123253930197
2419.0,122.82934238598308
2420.0,122.83752076857196
2421.0,122.84576765710648
2422.0,122.85387928743023
2423.0,122.86205945233279
2424.0,122.87015538765041
2425.0,122.87831986389713
2426.0,122.88640018335526
2427.0,122.89454904996232
2428.0,122.90266469947488
2429.0,122.91079802410482
2430.0,122.91884733721184
2431.0,122.92691437575652
2432.0,122.9350499653038
2433.0,122.9430508293206
2434.0,122.95112027229088
2435.0,122.95915668506107
2436.0,122.96726166022108
2437.0,122.97528286580496
2438.0,122.98332188322452
2439.0,122.9913787151621
2440.0,122.99940263048207
2441.0,123.007342942429
2442.0,123.01535185503116
2443.0,123.02332793655927
2444.0,123.03132191225653
2445.0,123.0392831063529
2446.0,123.0472622218195
2447.0,123.05520860504397
2448.0,123.06317293670924
2449.0,123.0711045853743
2450.0,123.07910483212495
2451.0,123.08697119960387
2452.0,123.09485559151915
2453.0,123.1028085995081
2454.0,123.11072903594423
2455.0,123.11861693638086
2456.0,123.1264723363298
2457.0,123.13439636102667
2458.0,123.14223737796088
2459.0,123.15014702378274
2460.0,123.15797373268056
2461.0,123.16586907449607
2462.0,123.1736310608651
2463.0,123.18151218443822
2464.0,123.18936097938229
2465.0,123.19722793680371
2466.0,123.20486083495068
2467.0,123.21276417857386
2468.0,123.22058484516052
2469.0,123.22837331462807
2470.0,123.23612962209609
2471.0,123.2439545807526
2472.0,123.25164664719999
2473.0,123.25940739040594
2474.0,123.2671864229135
2475.0,123.27493340177803
2476.0,123.28264836195237
2477.0,123.2903313383483
2478.0,123.29808298808365
2479.0,123.3058529791915
2480.0,123.31349044667579
2481.0,123.32124688052997
2482.0,123.32887088262324
2483.0,123.33661383150059
2484.0,123.34422444037395
2485.0,123.35195397630606
2486.0,123.35960148584738
2487.0,123.36721724788246
2488.0,123.37490169635359
2489.0,123.38255442192694
2490.0,123.39017545917646
2491.0,123.39776484262438
2492.0,123.4053727618438
2493.0,123.4130493617715
2494.0,123.4206442116733
2495.0,123.42825762262864
2496.0,123.43573926421647
2497.0,123.4433898335605
2498.0,123.45090870221662
2499.0,123.4585463564389
2500.0,123.46600233502554
2501.0,123.47362715550949
2502.0,123.48112045698458
2503.0,123.48868247014653
2504.0,123.49621311976361
2505.0,123.50371243997951
2506.0,123.51123046383638
2507.0,123.51876719194766
2508.0,123.52627264829972
2509.0,123.53374686693601
2510.0,123.54118988184956
2511.0,123.54870161329228
2512.0,123.55618216431219
2513.0,123.56368148963992
2514.0,123.57104986077267
2515.0,123.5785368709649
2516.0,123.58594290429872
2517.0,123.59341765659026
2518.0,123.60076163461248
2519.0,123.60827406220616
2520.0,123.61560594034863
2521.0,123.62305639234965
2522.0,123.63047589033263
2523.0,123.63786446796932
2524.0,123.6452719568981
2525.0,123.65264857037758
2526.0,123.66004411766431
2527.0,123.66735906978589
2528.0,123.67474275380098
2529.0,123.68204590964923
2530.0,123.68946752837758
2531.0,123.69675894367867
2532.0,123.7040693819938
2533.0,123.7113988432248
2534.0,123.7187970135541
2535.0,123.7260154834588
2536.0,123.73335237077677
2537.0,123.74060899691614
2538.0,123.74788471198136
2539.0,123.75517951570022
2540.0,123.76249340775642
2541.0,123.76967756330437
2542.0,123.77698006753393
2543.0,123.78420250967513
2544.0,123.79149368034602
2545.0,123.79860572805948
2546.0,123.80588565279234
2547.0,123.81313518879766
2548.0,123.820403899055
2549.0,123.82759274539158
2550.0,123.83475130188937
2551.0,123.84202809089916
2552.0,123.84917561823868
2553.0,123.8563918803062
2554.0,123.86352845403417
2555.0,123.87068430930863
2556.0,123.87781000476552
2557.0,123.88500443209064
2558.0,123.89206988378254
2559.0,123.89930290235354
2560.0,123.90640701066495
2561.0,123.91357984751254
2562.0,123.92062388406896
2563.0,123.92778603213469
2564.0,123.9348194673842
2565.0,123.9420203299938
2566.0,123.94904321592941
2567.0,123.95608552921227
2568.0,123.96324588201685
2569.0,123.97032702453427
2570.0,123.97742759117845
2571.0,123.98444903470951
2572.0,123.99148994476617
2573.0,123.9985503201772
2574.0,124.0055809201816
2575.0,124.01258177705141
2576.0,124.01960214026529
2577.0,124.02664200854096
2578.0,124.03360299079488
2579.0,124.040632703876
2580.0,124.04773111286575
2581.0,124.054701537452
2582.0,124.06159322691303
2583.0,124.0686519419877
2584.0,124.07563194138481
2585.0,124.08258240733828
2586.0,124.0895033718321
2587.0,124.09649305554429
2588.0,124.10345325703952
2589.0,124.11038400824746
2590.0,124.11723628020522
2591.0,124.12425538668057
2592.0,124.13109795594117
2593.0,124.13810731167558
2594.0,124.14498925466582
2595.0,124.1518908986743
2596.0,124.15881224193126
2597.0,124.1657043000094
2598.0,124.17256710459947
2599.0,124.17944964767803
2600.0,124.18630297824143
2601.0,124.19317606588882
2602.0,124.20001998189129
2603.0,124.20683475781469
2604.0,124.21371823417846
2605.0,124.22047480219581
2606.0,124.22734897118166
2607.0,124.234194059094
2608.0,124.24101009738703
2609.0,124.24789481478163
2610.0,124.25460398824879
2611.0,124.2614307075835
2612.0,124.2682284581514
2613.0,124.27504607527297
2614.0,124.28173717822939
2615.0,124.28854577366938
2616.0,124.29532548080253
2617.0,124.30207633085053
2618.0,124.30884710319705
2619.0,124.31558905849207
2620.0,124.3223509537503
2621.0,124.32898664244713
2622.0,124.33578844401795
2623.0,124.34251279357589
2624.0,124.3492571181325
2625.0,124.35587540499225
2626.0,124.36261104672383
2627.0,124.36936667831345
2628.0,124.37604502404167
2629.0,124.38269477373979
2630.0,124.38936457259449
2631.0,124.3961030211334
2632.0,124.40266712338513
2633.0,124.40939707634257
2634.0,124.41604992857309
2635.0,124.42272286134576
2636.0,124.42927022987232
2637.0,124.43593481284657
2638.0,124.44266801548147
2639.0,124.44917871821436
2640.0,124.45585510744033
2641.0,124.4624546220054
2642.0,124.46912276727357
2643.0,124.47561716051281
2644.0,124.48222868143522
2645.0,124.48886036623705
2646.0,124.495463776138
2647.0,124.50199051694426
2648.0,124.50858589316826
2649.0,124.51515306357041
2650.0,124.52164366730779
2651.0,124.52820290851832
2652.0,124.53478238172548
2653.0,124.5413820838043
2654.0,124.54780862501815
2655.0,124.5543521490526
2656.0,124.56091593711919
2657.0,124.5673067330524
2658.0,124.57386278211249
2659.0,124.58039081688793
2660.0,124.58689086756239
2661.0,124.59331469558772
2662.0,124.59985539471606
2663.0,124.60636815553042
2664.0,124.61280477286448
2665.0,124.61926175842643
2666.0,124.62569089583667
2667.0,124.63223682066636
2668.0,124.6385621276248
2669.0,124.64505241700384
2670.0,124.65156307970734
2671.0,124.65790148301531
2672.0,124.66435663410124
2673.0,124.67078405746926
2674.0,124.67723190687268
2675.0,124.68355584037232
2676.0,124.68999646284585
2677.0,124.69645752279385
2678.0,124.70274669901099
2679.0,124.70915253098832
2680.0,124.71553077682562
2681.0,124.72197755822876
2682.0,124.72825266365479
2683.0,124.73464436544123
2684.0,124.74105656776653
2685.0,124.74729726078617
2686.0,124.75365451653805
2687.0,124.76003230589563
2688.0,124.76638265683944
2689.0,124.77265764183119
2690.0,124.77895321551199
2691.0,124.78531730878156
2692.0,124.79155818958718
2693.0,124.79796342944674
2694.0,124.80419761418081
2695.0,124.81054821515139
2696.0,124.81677576559015
2697.0,124.82307183387357
2698.0,124.82938852560501
2699.0,124.83558229908927
2700.0,124.8418924240399
2701.0,124.84807971137853
2702.0,124.85438331971172
2703.0,124.86056417098396
2704.0,124.86686131268739
2705.0,124.87313133625156
2706.0,124.87927873455997
2707.0,124.88559014538552
2708.0,124.89173124316555
2709.0,124.89794083087328
2710.0,124.90417114719774
2711.0,124.91037447519817
2712.0,124.91655084383854
2713.0,124.92270028203963
2714.0,124.9289658566437
2715.0,124.93501381916516
2716.0,124.94122558859475
2717.0,124.94745812251371
2718.0,124.95361614661614
2719.0,124.95969972298428
2720.0,124.96585175189574
2721.0,124.97202459389555
2722.0,124.97812306330752
2723.0,124.98428996054037
2724.0,124.99047767932753
2725.0,124.99654354323764
2726.0,125.00267783221136
2727.0,125.00873790300743
2728.0,125.01491391359995
2729.0,125.02101574101174
2730.0,125.02704344705352
2731.0,125.0331870566076
2732.0,125.03925657965273
2733.0,125.04525207789769
2734.0,125.05136344323988
2735.0,125.0574482649858
2736.0,125.0635540069367
2737.0,125.06953839135483
2738.0,125.07563857921608
2739.0,125.08161748839343
2740.0,125.08766477802158
2741.0,125.09378040994854
2742.0,125.09972750132536
2743.0,125.10579032728889
2744.0,125.11177942921778
2745.0,125.11783687575705
2746.0,125.1238679793482
2747.0,125.1298254545824
2748.0,125.13580396786192
2749.0,125.14175622264011
2750.0,125.14782408829575
2751.0,125.15367660782535
2752.0,125.15969200846237
2753.0,125.16572844375975
2754.0,125.17159696382666
2755.0,125.17758104697675
2756.0,125.18353897943217
2757.0,125.18951799217379
2758.0,125.19542369603192
2759.0,125.20139769483355
2760.0,125.20734561041364
2761.0,125.21317315299977
2762.0,125.2190690078146
2763.0,125.22508027315752
2764.0,125.23092412326396
2765.0,125.23693048780866
2766.0,125.24276953687864
2767.0,125.24867686032887
2768.0,125.25460533811213
2769.0,125.26041375341474
2770.0,125.2663845566944
2771.0,125.27214125603616
2772.0,125.27815438502562
2773.0,125.28395350950018
2774.0,125.28977386581508
2775.0,125.2956624527048
2776.0,125.3014312586347
2777.0,125.30731528828508
2778.0,125.31317355637283
2779.0,125.3189591302494
2780.0,125.32481291778906
2781.0,125.33059406600275
2782.0,125.33644341657703
2783.0,125.34231401469732
2784.0,125.34801823464646
2785.0,125.35393135488823
2786.0,125.35963129071503
2787.0,125.3654463053249
2788.0,125.37123574402902
2789.0,125.37699963409905
2790.0,125.38283168059725
2791.0,125.38854453308919
2792.0,125.39427873548676
2793.0,125.40012789371026
2794.0,125.40585796149165
2795.0,125.41156259973225
2796.0,125.41728860840475
2797.0,125.42308274344803
2798.0,125.42875796250692
2799.0,125.43450131805064
2800.0,125.440266042254
2801.0,125.44591197557862
2802.0,125.45167274528214
2803.0,125.45736149591512
2804.0,125.46307165714843
2805.0,125.46880322292185
2806.0,125.47441619854148
2807.0,125.4801439362786
2808.0,125.48584644137986
2809.0,125.49147711079304
2810.0,125.49717586106897
2811.0,125.5028494372201
2812.0,125.50854446297649
2813.0,125.51412117425718
2814.0,125.5197659636371
2815.0,125.52552535595456
2816.0,125.53116651396849
2817.0,125.53668953022293
2818.0,125.54242021476502
2819.0,125.54798626879287
2820.0,125.55362036332728
2821.0,125.55932245910863
2822.0,125.56486008102968
2823.0,125.57051221160518
2824.0,125.57595352190108
2825.0,125.5816487129911
2826.0,125.58722606729668
2827.0,125.59282497420853
2828.0,125.59839900588622
2829.0,125.60399459920563
2830.0,125.60961174769739
2831.0,125.61511127932947
2832.0,125.62067879646844
2833.0,125.62631425972612
2834.0,125.63178585144472
2835.0,125.63737176473562
2836.0,125.64297925979872
2837.0,125.64842303887471
2838.0,125.65398109787948
2839.0,125.65956076268701
2840.0,125.66502315678605
2841.0,125.67059976715045
2842.0,125.67615171721094
2843.0,125.68154026170818
2844.0,125.68713549487397
2845.0,125.69252116127758
2846.0,125.6980672130031
2847.0,125.70358869123508
2848.0,125.70908562204005
2849.0,125.7145118399046
2850.0,125.71995976485248
2851.0,125.72552172949563
2852.0,125.73096686761728
2853.0,125.73643371424548
2854.0,125.74187612562491
2855.0,125.74738637965108
2856.0,125.75277997641125
2857.0,125.7582414238986
2858.0,125.76363240273771
2859.0,125.76913730082164
2860.0,125.77452568866424
2861.0,125.7799358390304
2862.0,125.78541379455129
2863.0,125.79072932210863
2864.0,125.79615871227438
2865.0,125.80165587571138
2866.0,125.80703674883549
2867.0,125.8123934128578
2868.0,125.81777187759559
2869.0,125.82312616270836
2870.0,125.82859418094219
2871.0,125.83394610243072
2872.0,125.8392738992802
2873.0,125.84471538611724
2874.0,125.84999497766287
2875.0,125.8553423369836
2876.0,125.86080332127317
2877.0,125.86605665507246
2878.0,125.87142362122643
2879.0,125.87681241847083
2880.0,125.88208547911823
2881.0,125.88742626429237
2882.0,125.89274307062871
2883.0,125.89808174434602
2884.0,125.9034422781559
2885.0,125.90864146830259
2886.0,125.91399995567009
2887.0,125.91933452555247
2888.0,125.92459943672739
2889.0,125.92988625831707
2890.0,125.93514923816849
2891.0,125.94047986933738
2892.0,125.9457866657009
2893.0,125.9509782280412
2894.0,125.95632885471424
2895.0,125.96165567858093
2896.0,125.96677600630932
2897.0,125.97210101217941
2898.0,125.97735661091198
2899.0,125.98254286012157
2900.0,125.9878879985414
2901.0,125.9930725433449
2902.0,125.99827907526551
2903.0,126.00350758676379
2904.0,126.00871247740062
2905.0,126.01403051818632
2906.0,126.01927935174929
2907.0,126.02441347519935
2908.0,126.02961517642443
2909.0,126.0347933379398
2910.0,126.03999351243948
2911.0,126.04521569226067
2912.0,126.05036885731671
2913.0,126.05558955101041
2914.0,126.0607412794922
2915.0,126.06596052117972
2916.0,126.07115631004163
2917.0,126.07632867080711
2918.0,126.08143218689057
2919.0,126.08660320678607
2920.0,126.09175085096368
2921.0,126.0969205529022
2922.0,126.10211230477672
2923.0,126.10718993712173
2924.0,126.11242579780046
2925.0,126.11745685690138
2926.0,126.1226007522028
2927.0,126.12772137900376
2928.0,126.13286409501784
2929.0,126.13793824750516
2930.0,126.1431251398051
2931.0,126.14819819509361
2932.0,126.15329337264889
2933.0,126.15836538526392
2934.0,126.1634595257917
2935.0,126.1685757862426
2936.0,126.17371415860671
2937.0,126.17873892658851
2938.0,126.18378585513648
2939.0,126.18890015077228
2940.0,126.1939461617933
2941.0,126.19905952377695
2942.0,126.20414983187399
2943.0,126.20912676745019
2944.0,126.21421622269187
2945.0,126.21923752523668
2946.0,126.22423587069179
2947.0,126.2293466683781
2948.0,126.23429913980475
2949.0,126.23936404714233
2950.0,126.24449622149491
2951.0,126.24942511040551
2952.0,126.25442131448335
2953.0,126.25943972942967
2954.0,126.2644352939177
2955.0,126.26949811664154
2956.0,126.27449306231603
2957.0,126.27946520800441
2958.0,126.2844595877589
2959.0,126.28934119515131
2960.0,126.29438005039407
2961.0,126.299351158979
2962.0,126.30434451134093
2963.0,126.30931514270236
2964.0,126.31435296828859
2965.0,126.31932314266841
2966.0,126.32418079761314
2967.0,126.32915058879284
2968.0,126.33405283229187
2969.0,126.33906715233286
2970.0,126.34405883207457
2971.0,126.34898302465476
2972.0,126.353929505718
2973.0,126.35876371923943
2974.0,126.36366510705335
2975.0,126.36863362856606
2976.0,126.37362442603332
2977.0,126.3784582655842
2978.0,126.38335924536788
2979.0,126.38828253979946
2980.0,126.39327291454337
2981.0,126.39810651128721
2982.0,126.40291770830002
2983.0,126.40788549774011
2984.0,126.41278611742878
2985.0,126.41757490215427
2986.0,126.4225649100604
2987.0,126.42739840913504
2988.0,126.43216489633528
2989.0,126.43708781728768
2990.0,126.44194373040804
2991.0,126.44682200444676
2992.0,126.45167798472492
2993.0,126.45651169456977
2994.0,126.46132315727947
2995.0,126.46611239612913
2996.0,126.47101324432953
2997.0,126.47580266589954
2998.0,126.4807036579432
2999.0,126.48558243375146
3000.0,126.49034989533138
3001.0,126.49518432967255
3002.0,126.49995207806626
3003.0,126.50469772426035
3004.0,126.50951032743184
3005.0,126.51434533940395
3006.0,126.51915825460293
3007.0,126.52399358216815
3008.0,126.52871788701002
3009.0,126.53355357985711
3010.0,126.53823386319382
3011.0,126.54302551673447
3012.0,126.5477951691473
3013.0,126.55258726563073
3014.0,126.55731297405741
3015.0,126.56210555214341
3016.0,126.56692056867278
3017.0,126.57153611620181
3018.0,126.57630729772902
3019.0,126.5810565747949
3020.0,126.58578397025242
3021.0,126.59053384416723
3022.0,126.5953948406451
3023.0,126.60005667518347
3024.0,126.60474102469132
3025.0,126.60944788010967
3026.0,126.61413294820663
3027.0,126.61892907234413
3028.0,126.62361486510378
3029.0,126.62836742211726
3030.0,126.63305397729802
3031.0,126.63763035394159
3032.0,126.64231774097694
3033.0,126.64707185573313
3034.0,126.65176005917483
3035.0,126.6564265944514
3036.0,126.66115984047897
3037.0,126.6658714211192
3038.0,126.67051720195828
3039.0,126.6751413836641
3040.0,126.67983226040107
3041.0,126.68441329016866
3042.0,126.68914924698703
3043.0,126.6937754017766
3044.0,126.69842412101211
3045.0,126.70305131244426
3046.0,126.70761292606372
3047.0,126.71224120148158
3048.0,126.71693609768855
3049.0,126.72160949220417
3050.0,126.72617334710772
3051.0,126.73080382643074
3052.0,126.73550088912496
3053.0,126.73995650478292
3054.0,126.7446107333251
3055.0,126.74919957437345
3056.0,126.75381101552875
3057.0,126.75840109106014
3058.0,126.76305771469862
3059.0,126.7676051045157
3060.0,126.7721311952473
3061.0,126.77676775153992
3062.0,126.78129518258727
3063.0,126.78593303916863
3064.0,126.7905496009095
3065.0,126.79505714589261
3066.0,126.79967506680877
3067.0,126.80418403614267
3068.0,126.80867181993636
3069.0,126.81331376000314
3070.0,126.8178468355681
3071.0,126.82235874953328
3072.0,126.8269371206665
3073.0,126.831494332074
3074.0,126.835986628331
3075.0,126.84050159661054
3076.0,126.84499547091937
3077.0,126.84955576490708
3078.0,126.85409496667342
3079.0,126.85861309808836
3080.0,126.86311018098927
3081.0,126.86767364495239
3082.0,126.87204128848553
3083.0,126.8766064054188
3084.0,126.88110682564451
3085.0,126.88558626432992
3086.0,126.89017569755204
3087.0,126.89461320692823
3088.0,126.89911706089543
3089.0,126.90359997826495
3090.0,126.90797476162045
3091.0,126.91250308989189
3092.0,126.91696691603366
3093.0,126.9214534493584
3094.0,126.92591911240675
3095.0,126.93040748397101
3096.0,126.93470082049033
3097.0,126.9391475593887
3098.0,126.94370407089944
3099.0,126.94810919007843
3100.0,126.95258055722697
3101.0,126.95707463661833
3102.0,126.96150445035475
3103.0,126.96587005123574
3104.0,126.97021495512848
3105.0,126.97458263617797
3106.0,126.97910341139662
3107.0,126.98356001760378
3108.0,126.98790908614076
3109.0,126.9923677558372
3110.0,126.99680575251428
3111.0,127.00104953702912
3112.0,127.00548967310543
3113.0,127.00990917925381
3114.0,127.01430807676913
3115.0,127.01868638692328
3116.0,127.02308746898953
3117.0,127.02755464053017
3118.0,127.03178464000104
3119.0,127.03616740577098
3120.0,127.04057294499191
3121.0,127.04491467566027
3122.0,127.0493224768682
3123.0,127.05366651182104
3124.0,127.05794683282629
3125.0,127.06229322533167
3126.0,127.06666241406802
3127.0,127.0709679417005
3128.0,127.07538271335018
3129.0,127.07973384521836
3130.0,127.08402138951307
3131.0,127.08846130865413
3132.0,127.09262178233512
3133.0,127.09697779263188
3134.0,127.10127029926048
3135.0,127.10562877599253
3136.0,127.1100100513015
3137.0,127.11424163576618
3138.0,127.11858230026816
3139.0,127.12298887326997
3140.0,127.12711660379824
3141.0,127.13139648271742
3142.0,127.13574227059058
3143.0,127.13998169543504
3144.0,127.14428702942855
3145.0,127.14861519426856
3146.0,127.15288012647221
3147.0,127.15708187782022
3148.0,127.16143552970641
3149.0,127.16568300524376
3150.0,127.16991035766489
3151.0,127.17424653236833
3152.0,127.17856256328004
3153.0,127.182686654202
3154.0,127.18696250091328
3155.0,127.19121826578984
3156.0,127.19541104619113
3157.0,127.1997125454227
3158.0,127.2039510807035
3159.0,127.20812670356375
3160.0,127.21241099341995
3161.0,127.21654664795084
3162.0,127.22074808727265
3163.0,127.22505812110407
3164.0,127.22930531412958
3165.0,127.23348971778628
3166.0,127.23773984381354
3167.0,127.24192722136941
3168.0,127.24618030034623
3169.0,127.2502423039642
3170.0,127.25449838667114
3171.0,127.25864903380865
3172.0,127.26286536099782
3173.0,127.26710457874816
3174.0,127.27128120094613
3175.0,127.2754380062774
3176.0,127.27953229776298
3177.0,127.28373495443113
3178.0,127.28796051064353
3179.0,127.29212358299424
3180.0,127.29630957483441
3181.0,127.3004758097052
3182.0,127.30462230781082
3183.0,127.30870644396859
3184.0,127.31289880954101
3185.0,127.31698620811508
3186.0,127.32118179433988
3187.0,127.32535768301729
3188.0,127.32947130019859
3189.0,127.33360786439395
3190.0,127.33768221774869
3191.0,127.34182210111324
3192.0,127.34589981373246
3193.0,127.35008557787603
3194.0,127.35429425608899
3195.0,127.35831322577918
3196.0,127.36244021481858
3197.0,127.36650514336424
3198.0,127.37050806200946
3199.0,127.37466142892845
3200.0,127.37883772746656
3201.0,127.38295202477721
3202.0,127.38700437144806
3203.0,127.39120702102926
3204.0,127.3952628581053
3205.0,127.39917199435125
3206.0,127.40327382138169
3207.0,127.40739860676757
3208.0,127.41146156053262
3209.0,127.41558987121182
3210.0,127.4196563898566
3211.0,127.42374588476656
3212.0,127.4276466011713
3213.0,127.43178206709473
3214.0,127.43585581990448
3215.0,127.43986790988276
3216.0,127.44398761941655
3217.0,127.44804568510425
3218.0,127.45204215716159
3219.0,127.45597708570205
3220.0,127.46006185755486
3221.0,127.46416959871316
3222.0,127.46813131037037
3223.0,127.47224276128678
3224.0,127.47625048917264
3225.0,127.4802390075098
3226.0,127.48420833581812
3227.0,127.48824288593964
3228.0,127.49221605838515
3229.0,127.49625443069272
3230.0,127.5002736299809
3231.0,127.50431583126439
3232.0,127.50825458733087
3233.0,127.51230065477559
3234.0,127.5162854612348
3235.0,127.52016694152206
3236.0,127.52419780496625
3237.0,127.5282095703962
3238.0,127.53211808799341
3239.0,127.53613381017855
3240.0,127.54017253641564
3241.0,127.54406603885018
3242.0,127.54798260416766
3243.0,127.55200628924442
3244.0,127.5559689268415
3245.0,127.55987056655316
3246.0,127.5639212760648
3247.0,127.56791098567327
3248.0,127.57175577815605
3249.0,127.57570760337899
3250.0,127.57964049999286
3251.0,127.58359644024664
3252.0,127.58749152697409
3253.0,127.59149354120517
3254.0,127.59543471994854
3255.0,127.59935702530598
3256.0,127.60321857371626
3257.0,127.60714509212596
3258.0,127.61109465660707
3259.0,127.6149835111856
3260.0,127.61889542972024
3261.0,127.62287225318725
3262.0,127.62662104507604
3263.0,127.63051846417838
3264.0,127.63448076458495
3265.0,127.63842428089515
3266.0,127.64226542829167
3267.0,127.6462132451767
3268.0,127.65014231459999
3269.0,127.65392734037161
3270.0,127.65777724006288
3271.0,127.66169197223259
3272.0,127.6656297538335
3273.0,127.66942364755339
3274.0,127.67336581281603
3275.0,127.67720587939499
3276.0,127.68106903044001
3277.0,127.68487187191444
3278.0,127.68873949659512
3279.0,127.69267186300227
3280.0,127.69646062345838
3281.0,127.70031414300297
3282.0,127.70419073896933
3283.0,127.70800713762691
3284.0,127.71176338766584
3285.0,127.71566759351877
3286.0,127.71951164795414
3287.0,127.72329559964612
3288.0,127.72714424053457
3289.0,127.73105752912366
3290.0,127.73482761856364
3291.0,127.73857927065428
3292.0,127.74235404501208
3293.0,127.7462765234731
3294.0,127.7500559568873
3295.0,127.7539000092157
3296.0,127.75776713786462
3297.0,127.76149136693547
3298.0,127.7652802103523
3299.0,127.76900921319401
3300.0,127.77288572971779
3301.0,127.77657804897989
3302.0,127.78041783889678
3303.0,127.78423927312069
3304.0,127.78800094877143
3305.0,127.79178573670818
3306.0,127.79551082268193
3307.0,127.79930042904883
3308.0,127.80307175148906
3309.0,127.80682480829424
3310.0,127.81064234075707
3311.0,127.81435890120152
3312.0,127.81818127558299
3313.0,127.82186140269343
3314.0,127.82564732049802
3315.0,127.82929108707671
3316.0,127.83312322477325
3317.0,127.83693714313404
3318.0,127.84065029649483
3319.0,127.84438657863218
3320.0,127.84802219161665
3321.0,127.85180472610351
3322.0,127.85548662763136
3323.0,127.85927413541187
3324.0,127.86304351102225
3325.0,127.86675356008726
3326.0,127.87040433039184
3327.0,127.8742430255002
3328.0,127.87781650482714
3329.0,127.88153669285775
3330.0,127.88523883704529
3331.0,127.88896410837457
3332.0,127.8927124950829
3333.0,127.896360585801
3334.0,127.90011407438979
3335.0,127.90372620920485
3336.0,127.90740261480016
3337.0,127.91110215607998
3338.0,127.91482482124982
3339.0,127.91857059848773
3340.0,127.92217522008053
3341.0,127.92584406328551
3342.0,127.92949499818127
3343.0,127.93316907692775
3344.0,127.93682526318554
3345.0,127.94054560397576
3346.0,127.94416603881413
3347.0,127.94780962930679
3348.0,127.9515583336501
3349.0,127.95508427943074
3350.0,127.95879728539823
3351.0,127.96241053311327
3352.0,127.96608788183605
3353.0,127.96978835433332
3354.0,127.97334823505608
3355.0,127.97705404273681
3356.0,127.98057842698795
3357.0,127.98428959108601
3358.0,127.98781942593273
3359.0,127.99149508100913
3360.0,127.9951938551173
3361.0,127.99879316514122
3362.0,128.00237478203795
3363.0,128.0060612355617
3364.0,128.0096074892504
3365.0,128.0131769200383
3366.0,128.0168103239233
3367.0,128.02042606314285
3368.0,128.0241057318116
3369.0,128.02764539587443
3370.0,128.03128977331417
3371.0,128.03479423977842
3372.0,128.03844414469393
3373.0,128.04195421255517
3374.0,128.04556892607607
3375.0,128.04920677494096
3376.0,128.0527049073284
3377.0,128.05630762959578
3378.0,128.05985210944363
3379.0,128.06346043529305
3380.0,128.06692921160797
3381.0,128.07054317097794
3382.0,128.07422091070697
3383.0,128.07779982346787
3384.0,128.08132061685296
3385.0,128.08474271534712
3386.0,128.0883910922527
3387.0,128.09198137195622
3388.0,128.09547300829712
3389.0,128.0990284085415
3390.0,128.10260695812383
3391.0,128.10608695472342
3392.0,128.10967124214162
3393.0,128.1131164863347
3394.0,128.11670653116428
3395.0,128.12015760583628
3396.0,128.12375341781018
3397.0,128.12733184744403
3398.0,128.13093340694533
3399.0,128.1343151714647
3400.0,128.13780110966002
3401.0,128.14139115098305
3402.0,128.14480203086788
3403.0,128.14835745543087
3404.0,128.15189557754306
3405.0,128.1554164141328
3406.0,128.15887956469814
3407.0,128.16232548292706
3408.0,128.16579458367357
3409.0,128.16936763124218
3410.0,128.17284266220585
3411.0,128.17634085824514
3412.0,128.17986220705706
3413.0,128.18340669632718
3414.0,128.186651595533
3415.0,128.19016174627862
3416.0,128.1936950393425
3417.0,128.19717084095197
3418.0,128.20058919689254
3419.0,128.20419190107012
3420.0,128.20765657156778
3421.0,128.21098331218707
3422.0,128.21449432524895
3423.0,128.21794796637354
3424.0,128.2214247671936
3425.0,128.2248442486928
3426.0,128.2282869037867
3427.0,128.23183314804382
3428.0,128.2353220937889
3429.0,128.23859300793416
3430.0,128.24204790199428
3431.0,128.24552594623867
3432.0,128.24894679680406
3433.0,128.2523908113031
3434.0,128.25585797728985
3435.0,128.25926800875936
3436.0,128.26254069673283
3437.0,128.26599708464812
3438.0,128.26947661279974
3439.0,128.27289907220378
3440.0,128.27626450817678
3441.0,128.27973328202853
3442.0,128.2831450459838
3443.0,128.2865799648028
3444.0,128.2897977250865
3445.0,128.29327897390078
3446.0,128.2967833400209
3447.0,128.30015072577916
3448.0,128.30346125733834
3449.0,128.306954992374
3450.0,128.31023187817985
3451.0,128.3136919039649
3452.0,128.31701515560292
3453.0,128.3203615904992
3454.0,128.32389101252664
3455.0,128.3272038488625
3456.0,128.33053986908072
3457.0,128.3339789112889
3458.0,128.3372814108348
3459.0,128.34068690717527
3460.0,128.34403574382063
3461.0,128.3473279656026
3462.0,128.350723127207
3463.0,128.3540616869958
3464.0,128.35750312305552
3465.0,128.3607285752796
3466.0,128.36413659517183
3467.0,128.36740841817553
3468.0,128.37078306690546
3469.0,128.3741012291854
3470.0,128.37752215363307
3471.0,128.38080702165468
3472.0,128.3841150626953
3473.0,128.38744626407893
3474.0,128.39080061310756
3475.0,128.39409859054666
3476.0,128.3974992158463
3477.0,128.4007640139134
3478.0,128.40413143440392
3479.0,128.40728368627447
3480.0,128.41069739577472
3481.0,128.41405480985176
3482.0,128.4173559729612
3483.0,128.42060092946846
3484.0,128.4239483938833
3485.0,128.42731898027685
3486.0,128.43047478483783
3487.0,128.43373307797765
3488.0,128.43709378993768
3489.0,128.44039837082502
3490.0,128.44372608589947
3491.0,128.44699772036282
3492.0,128.45029250140826
3493.0,128.4536104162236
3494.0,128.45679316190146
3495.0,128.4599990915916
3496.0,128.4633864067917
3497.0,128.46663862815763
3498.0,128.46991399505896
3499.0,128.47313344439112
3500.0,128.47645508276676
